competency_id,name,description
GOV_VISION,Vision,"Whether the government has a clear vision for implementing artificial intelligence. Captures the existence of an overarching, publicly available national AI strategy that articulates the government's high-level policy vision for how AI will be developed and used to benefit the country."
GOV_GOVERNANCE,Governance and Ethics,"Whether the right regulations and ethical frameworks are in place to implement AI in a way that builds trust and legitimacy. Covers data protection and privacy legislation, cybersecurity, the legal framework's adaptability to digital business models, a national AI ethics framework, and public-sector accountability."
GOV_DIGITAL_CAPACITY,Digital Capacity,"The existing digital capacity within government. Covers the maturity of online public services and e-government delivery, foundational government IT infrastructure, and government promotion of investment in emerging technologies."
GOV_ADAPTABILITY,Adaptability,"Whether the government can change and innovate effectively. Covers overall government effectiveness, the government's responsiveness to change, and the use of open data in public procurement."
TECH_MATURITY,Maturity,"Whether the country has a technology sector capable of supplying government with AI technologies. Covers the number of AI and non-AI technology unicorns, the value of trade in ICT services and goods per capita, and computer software spending. (Labelled 'Size' in the 2021 edition.)"
TECH_INNOVATION,Innovation Capacity,"Whether the technology sector has the right conditions to support innovation. Covers the ease of business administrative requirements, venture-capital availability, research and development spending, company investment in emerging technology, and AI research-paper output."
TECH_HUMAN_CAPITAL,Human Capital,"Whether the population has the right skills to support the technology sector. Covers STEM graduates, software-developer (GitHub) activity, female STEM graduates, the quality of engineering and technology higher education, and general digital skills."
DATA_INFRASTRUCTURE,Infrastructure,"Whether the country has good technological infrastructure to support AI technologies. Covers telecommunications infrastructure, availability of cloud-provider regions, broadband quality, 5G infrastructure, and adoption of emerging technologies."
DATA_AVAILABILITY,Data Availability,"Whether there is good, representative availability of data that could be used to train AI models. Covers open data, data governance, mobile-cellular subscriptions, household internet access and statistical capacity, together with equity of access including the internet gender gap and the affordability of internet-enabled devices."
