dimension,pillar,text_proximate,pearson_r
Innovation Capacity,Technology Sector,False,-0.2221589530873605
Digital Capacity,Government,False,-0.18768458412750194
Infrastructure,Data and Infrastructure,False,-0.171613568200674
Human Capital,Technology Sector,False,-0.16867204185001275
Data Availability,Data and Infrastructure,False,-0.06469673244625121
Adaptability,Government,False,-0.0444570506965161
Maturity,Technology Sector,False,0.07069372398701687
Governance and Ethics,Government,True,0.1885615876799565
Vision,Government,True,0.22821306082616108
